<?xml version="1.0" encoding="UTF-8"?>
<SO xmlns="http://www.pharmml.org/so/0.2/StandardisedOutput"
    xmlns:xsi="http://www.w3.org/2001/XMLSchema-instance"
    xmlns:ds="http://www.pharmml.org/pharmml/0.6/Dataset"
    xmlns:ct="http://www.pharmml.org/pharmml/0.6/CommonTypes"
    xsi:schemaLocation="http://www.pharmml.org/so/0.2/StandardisedOutput 
    http://www.pharmml.org/so/0.2/StandardisedOutput" 
    implementedBy="MJS" writtenVersion="0.2"  
    metadataFile="warfarin_PK_ODE_SO_FULL.rdf" id="i1">
    
    <PharmMLRef name="warfarin_PK_ODE.xml"/>                                        <!-- optional -->
    
    <SOBlock blkId="SO1"> <!-- optional, needed when multiple SOblocks are reqiured e.g. for bootstrap -->
        
        <!-- TOOL SETTINGS -->
        <ToolSettings>
            <File oid="ts1">
                <ct:Description>Algorithm settings</ct:Description> <!-- OPTIONAL -->
                <ds:path>algorithms.xmlx</ds:path>
            </File>
            <File oid="ts2">
                <ct:Description>Solver settings</ct:Description>
                <ds:path>solver.xmlx</ds:path>
            </File>
            <File oid="ts3">
                <ds:path>andNowForSomethingCompletelyDifferent.xmlx</ds:path>
            </File>
        </ToolSettings>
        
        <!-- RAW RESULTS -->
        <RawResults>
            <DataFile oid="d1">
                <ct:Description>Original output wth population data</ct:Description>
                <ds:path>dataFolder/estimates.txt</ds:path>
            </DataFile>

            <GraphicsFile oid="g1">
                <ct:Description>Observation VS prediction plot</ct:Description>
                <ds:path>graphicsFolder/ObservationVSprediction.png</ds:path>
            </GraphicsFile>

            <DataFile oid="d2">
                <ds:path>dataFolder/indiv_parameters.csv</ds:path>
                <ds:format>CSV</ds:format>
                <ds:delimiter>COMMA</ds:delimiter>
            </DataFile>
            
            <GraphicsFile oid="g2">
                <ds:path>graphicsFolder/figure2.png</ds:path>
            </GraphicsFile>
            
            <!-- any number of files is permited -->
        </RawResults>
        
        <!-- TASK INFORMATION -->
        <TaskInformation>
            <!-- Messages from Target Software - any number of messages is permited -->
            <Message type="ERROR">
                <Toolname>
                    <ct:String>NONMEM</ct:String>
                </Toolname>
                <Name>
                    <ct:String>nmtran error</ct:String>
                </Name>
                <Content>
                    <ct:String>Possibly long text...</ct:String>
                </Content>
                <Severity>
                    <ct:Int>2</ct:Int>
                </Severity>
            </Message>
            <OutputFilePath oid="o1">
                <ds:path>/results/mainResultFile.txt</ds:path>
            </OutputFilePath>
            <RunTime>
                <ct:Description>Run time in hours - for now - the metadata will be used for units annotation.</ct:Description>
                <ct:Real>23232.5</ct:Real>
            </RunTime>
            <NumberChains>
                <ct:Description>Smart comment about the chains</ct:Description>
                <ct:Real>3</ct:Real>
            </NumberChains>
            <NumberIterations>
                <ct:Real>1000000</ct:Real>
            </NumberIterations>
        </TaskInformation>
        
        <!-- ESTIMATION -->
        <Estimation>
            <PopulationEstimates>
                <MLE>
                    <Definition xmlns="http://www.pharmml.org/pharmml/0.6/Dataset">
                        <Column columnId="POP_CL" columnType="undefined" valueType="real" columnNum="1"/>
                        <Column columnId="POP_V" columnType="undefined" valueType="real" columnNum="2"/>
                        <Column columnId="POP_KA" columnType="undefined" valueType="real" columnNum="3"/>
                        <Column columnId="POP_TLAG" columnType="undefined" valueType="real" columnNum="4"/>
                        <Column columnId="BETA_CL_WT" columnType="undefined" valueType="real" columnNum="5"/>
                        <Column columnId="BETA_V_WT" columnType="undefined" valueType="real" columnNum="6"/>
                        <Column columnId="PPV_CL" columnType="undefined" valueType="real" columnNum="7"/>
                        <Column columnId="PPV_V" columnType="undefined" valueType="real" columnNum="8"/>
                        <Column columnId="PPV_KA" columnType="undefined" valueType="real" columnNum="9"/>
                        <Column columnId="PPV_TLAG" columnType="undefined" valueType="real" columnNum="10"/>
                        <Column columnId="RUV_PROP" columnType="undefined" valueType="real" columnNum="11"/>
                        <Column columnId="RUV_ADD" columnType="undefined" valueType="real" columnNum="12"/>
                        <Column columnId="CORR_PPV_CL_V" columnType="undefined" valueType="real" columnNum="13"/>
                    </Definition>
                    <Table xmlns="http://www.pharmml.org/pharmml/0.6/Dataset">
                        <Row><ct:Real>0.93882</ct:Real><ct:Real>1.63219</ct:Real><ct:Real>8.10703</ct:Real>
                            <ct:Real>1</ct:Real><ct:Real>0.13426</ct:Real><ct:Real>0.75</ct:Real>
                            <ct:Real>0.54806</ct:Real><ct:Real>0.76833</ct:Real><ct:Real>0.13334</ct:Real>
                            <ct:Real>0.26875</ct:Real><ct:Real>0.16612</ct:Real><ct:Real>0.32349</ct:Real>
                            <ct:Real>0.07736</ct:Real>
                        </Row>
                    </Table>
                    <!--ALTERNATIVE: external data file reference. -->
<!--                    <ds:ExternalFile oid="ext1">            <!-\- name change: ExternalFile instead of ImportFile -\->
                        <ds:path>myData.csv</ds:path>
                        <ds:format>CSV</ds:format> <!-\- OPTIONAL -\->
                        <ds:delimiter>COMMA</ds:delimiter> <!-\- OPTIONAL -\->
                    </ds:ExternalFile>-->
                </MLE>
                
                <Bayesian>
                    <PosteriorMean>
                        <Definition xmlns="http://www.pharmml.org/pharmml/0.6/Dataset">
                            <Column columnId="POP_CL" columnType="undefined" valueType="real" columnNum="1"/>
                            <Column columnId="POP_V" columnType="undefined" valueType="real" columnNum="2"/>
                            <Column columnId="POP_KA" columnType="undefined" valueType="real" columnNum="3"/>
                            <Column columnId="POP_TLAG" columnType="undefined" valueType="real" columnNum="4"/>
                            <Column columnId="BETA_CL_WT" columnType="undefined" valueType="real" columnNum="5"/>
                            <Column columnId="BETA_V_WT" columnType="undefined" valueType="real" columnNum="6"/>
                            <Column columnId="PPV_CL" columnType="undefined" valueType="real" columnNum="7"/>
                            <Column columnId="PPV_V" columnType="undefined" valueType="real" columnNum="8"/>
                            <Column columnId="PPV_KA" columnType="undefined" valueType="real" columnNum="9"/>
                            <Column columnId="PPV_TLAG" columnType="undefined" valueType="real" columnNum="10"/>
                            <Column columnId="RUV_PROP" columnType="undefined" valueType="real" columnNum="11"/>
                            <Column columnId="RUV_ADD" columnType="undefined" valueType="real" columnNum="12"/>
                            <Column columnId="CORR_PPV_CL_V" columnType="undefined" valueType="real" columnNum="13"/>
                        </Definition>
                        <Table xmlns="http://www.pharmml.org/pharmml/0.6/Dataset">
                            <Row><ct:Real>0.93882</ct:Real><ct:Real>1.63219</ct:Real><ct:Real>8.10703</ct:Real>
                                <ct:Real>1</ct:Real><ct:Real>0.13426</ct:Real><ct:Real>0.75</ct:Real>
                                <ct:Real>0.54806</ct:Real><ct:Real>0.76833</ct:Real><ct:Real>0.13334</ct:Real>
                                <ct:Real>0.26875</ct:Real><ct:Real>0.16612</ct:Real><ct:Real>0.32349</ct:Real>
                                <ct:Real>0.07736</ct:Real>
                            </Row>
                        </Table>
                    </PosteriorMean>
                    <PosteriorMedian>
                        <Definition xmlns="http://www.pharmml.org/pharmml/0.6/Dataset">
                            <Column columnId="POP_CL" columnType="undefined" valueType="real" columnNum="1"/>
                            <Column columnId="POP_V" columnType="undefined" valueType="real" columnNum="2"/>
                            <Column columnId="POP_KA" columnType="undefined" valueType="real" columnNum="3"/>
                            <Column columnId="POP_TLAG" columnType="undefined" valueType="real" columnNum="4"/>
                            <Column columnId="BETA_CL_WT" columnType="undefined" valueType="real" columnNum="5"/>
                            <Column columnId="BETA_V_WT" columnType="undefined" valueType="real" columnNum="6"/>
                            <Column columnId="PPV_CL" columnType="undefined" valueType="real" columnNum="7"/>
                            <Column columnId="PPV_V" columnType="undefined" valueType="real" columnNum="8"/>
                            <Column columnId="PPV_KA" columnType="undefined" valueType="real" columnNum="9"/>
                            <Column columnId="PPV_TLAG" columnType="undefined" valueType="real" columnNum="10"/>
                            <Column columnId="RUV_PROP" columnType="undefined" valueType="real" columnNum="11"/>
                            <Column columnId="RUV_ADD" columnType="undefined" valueType="real" columnNum="12"/>
                            <Column columnId="CORR_PPV_CL_V" columnType="undefined" valueType="real" columnNum="13"/>
                        </Definition>
                        <Table xmlns="http://www.pharmml.org/pharmml/0.6/Dataset">
                            <Row>
                                <ct:Real>0.93882</ct:Real><ct:Real>1.63219</ct:Real><ct:Real>8.10703</ct:Real>
                                <ct:Real>1</ct:Real><ct:Real>0.13426</ct:Real><ct:Real>0.75</ct:Real>
                                <ct:Real>0.54806</ct:Real><ct:Real>0.76833</ct:Real><ct:Real>0.13334</ct:Real>
                                <ct:Real>0.26875</ct:Real><ct:Real>0.16612</ct:Real><ct:Real>0.32349</ct:Real>
                                <ct:Real>0.07736</ct:Real>
                            </Row>
                        </Table>
                    </PosteriorMedian>
                    <PosteriorMode>
                        <Definition xmlns="http://www.pharmml.org/pharmml/0.6/Dataset">
                            <Column columnId="POP_CL" columnType="undefined" valueType="real" columnNum="1"/>
                            <Column columnId="POP_V" columnType="undefined" valueType="real" columnNum="2"/>
                            <Column columnId="POP_KA" columnType="undefined" valueType="real" columnNum="3"/>
                            <Column columnId="POP_TLAG" columnType="undefined" valueType="real" columnNum="4"/>
                            <Column columnId="BETA_CL_WT" columnType="undefined" valueType="real" columnNum="5"/>
                            <Column columnId="BETA_V_WT" columnType="undefined" valueType="real" columnNum="6"/>
                            <Column columnId="PPV_CL" columnType="undefined" valueType="real" columnNum="7"/>
                            <Column columnId="PPV_V" columnType="undefined" valueType="real" columnNum="8"/>
                            <Column columnId="PPV_KA" columnType="undefined" valueType="real" columnNum="9"/>
                            <Column columnId="PPV_TLAG" columnType="undefined" valueType="real" columnNum="10"/>
                            <Column columnId="RUV_PROP" columnType="undefined" valueType="real" columnNum="11"/>
                            <Column columnId="RUV_ADD" columnType="undefined" valueType="real" columnNum="12"/>
                            <Column columnId="CORR_PPV_CL_V" columnType="undefined" valueType="real" columnNum="13"/>
                        </Definition>
                        <Table xmlns="http://www.pharmml.org/pharmml/0.6/Dataset">
                            <Row>
                                <ct:Real>0.93882</ct:Real><ct:Real>1.63219</ct:Real><ct:Real>8.10703</ct:Real>
                                <ct:Real>1</ct:Real><ct:Real>0.13426</ct:Real><ct:Real>0.75</ct:Real>
                                <ct:Real>0.54806</ct:Real><ct:Real>0.76833</ct:Real><ct:Real>0.13334</ct:Real>
                                <ct:Real>0.26875</ct:Real><ct:Real>0.16612</ct:Real><ct:Real>0.32349</ct:Real>
                                <ct:Real>0.07736</ct:Real>
                            </Row>
                        </Table>
                    </PosteriorMode>
                </Bayesian>
                
                <Bootstrap>
                    <Mean>
                        <Definition xmlns="http://www.pharmml.org/pharmml/0.6/Dataset">
                            <Column columnId="POP_CL" columnType="undefined" valueType="real" columnNum="1"/>
                            <Column columnId="POP_V" columnType="undefined" valueType="real" columnNum="2"/>
                            <Column columnId="POP_KA" columnType="undefined" valueType="real" columnNum="3"/>
                            <Column columnId="POP_TLAG" columnType="undefined" valueType="real" columnNum="4"/>
                            <Column columnId="BETA_CL_WT" columnType="undefined" valueType="real" columnNum="5"/>
                            <Column columnId="BETA_V_WT" columnType="undefined" valueType="real" columnNum="6"/>
                            <Column columnId="PPV_CL" columnType="undefined" valueType="real" columnNum="7"/>
                            <Column columnId="PPV_V" columnType="undefined" valueType="real" columnNum="8"/>
                            <Column columnId="PPV_KA" columnType="undefined" valueType="real" columnNum="9"/>
                            <Column columnId="PPV_TLAG" columnType="undefined" valueType="real" columnNum="10"/>
                            <Column columnId="RUV_PROP" columnType="undefined" valueType="real" columnNum="11"/>
                            <Column columnId="RUV_ADD" columnType="undefined" valueType="real" columnNum="12"/>
                            <Column columnId="CORR_PPV_CL_V" columnType="undefined" valueType="real" columnNum="13"/>
                        </Definition>
                        <Table xmlns="http://www.pharmml.org/pharmml/0.6/Dataset">
                            <Row><ct:Real>0.93882</ct:Real><ct:Real>1.63219</ct:Real><ct:Real>8.10703</ct:Real>
                                <ct:Real>1</ct:Real><ct:Real>0.13426</ct:Real><ct:Real>0.75</ct:Real>
                                <ct:Real>0.54806</ct:Real><ct:Real>0.76833</ct:Real><ct:Real>0.13334</ct:Real>
                                <ct:Real>0.26875</ct:Real><ct:Real>0.16612</ct:Real><ct:Real>0.32349</ct:Real>
                                <ct:Real>0.07736</ct:Real>
                            </Row>
                        </Table>
                    </Mean>
                    <Median>
                        <Definition xmlns="http://www.pharmml.org/pharmml/0.6/Dataset">
                            <Column columnId="POP_CL" columnType="undefined" valueType="real" columnNum="1"/>
                            <Column columnId="POP_V" columnType="undefined" valueType="real" columnNum="2"/>
                            <Column columnId="POP_KA" columnType="undefined" valueType="real" columnNum="3"/>
                            <Column columnId="POP_TLAG" columnType="undefined" valueType="real" columnNum="4"/>
                            <Column columnId="BETA_CL_WT" columnType="undefined" valueType="real" columnNum="5"/>
                            <Column columnId="BETA_V_WT" columnType="undefined" valueType="real" columnNum="6"/>
                            <Column columnId="PPV_CL" columnType="undefined" valueType="real" columnNum="7"/>
                            <Column columnId="PPV_V" columnType="undefined" valueType="real" columnNum="8"/>
                            <Column columnId="PPV_KA" columnType="undefined" valueType="real" columnNum="9"/>
                            <Column columnId="PPV_TLAG" columnType="undefined" valueType="real" columnNum="10"/>
                            <Column columnId="RUV_PROP" columnType="undefined" valueType="real" columnNum="11"/>
                            <Column columnId="RUV_ADD" columnType="undefined" valueType="real" columnNum="12"/>
                            <Column columnId="CORR_PPV_CL_V" columnType="undefined" valueType="real" columnNum="13"/>
                        </Definition>
                        <Table xmlns="http://www.pharmml.org/pharmml/0.6/Dataset">
                            <Row>
                                <ct:Real>0.93882</ct:Real><ct:Real>1.63219</ct:Real><ct:Real>8.10703</ct:Real>
                                <ct:Real>1</ct:Real><ct:Real>0.13426</ct:Real><ct:Real>0.75</ct:Real>
                                <ct:Real>0.54806</ct:Real><ct:Real>0.76833</ct:Real><ct:Real>0.13334</ct:Real>
                                <ct:Real>0.26875</ct:Real><ct:Real>0.16612</ct:Real><ct:Real>0.32349</ct:Real>
                                <ct:Real>0.07736</ct:Real>
                            </Row>
                        </Table>
                    </Median>
                </Bootstrap>
            </PopulationEstimates>
            
            <PrecisionPopulationEstimates>
                <MLE>
                    <FIM>
                        <ct:Matrix matrixType="Any">
                            <ct:RowNames>
                                <ct:String>POP_CL</ct:String><ct:String>POP_V</ct:String><ct:String>POP_KA</ct:String><ct:String>POP_TLAG</ct:String>
                                <ct:String>BETA_CL_WT</ct:String><ct:String>BETA_V_WT</ct:String><ct:String>PPV_CL</ct:String><ct:String>PPV_V</ct:String>
                                <ct:String>PPV_KA</ct:String><ct:String>PPV_TLAG</ct:String><ct:String>RUV_PROP</ct:String><ct:String>RUV_ADD</ct:String>
                                <ct:String>CORR_PPV_CL_V</ct:String>
                            </ct:RowNames>
                            <ct:ColumnNames>
                                <ct:String>POP_CL</ct:String><ct:String>POP_V</ct:String><ct:String>POP_KA</ct:String><ct:String>POP_TLAG</ct:String>
                                <ct:String>BETA_CL_WT</ct:String><ct:String>BETA_V_WT</ct:String><ct:String>PPV_CL</ct:String><ct:String>PPV_V</ct:String>
                                <ct:String>PPV_KA</ct:String><ct:String>PPV_TLAG</ct:String><ct:String>RUV_PROP</ct:String><ct:String>RUV_ADD</ct:String>
                                <ct:String>CORR_PPV_CL_V</ct:String>
                            </ct:ColumnNames>
                            <ct:MatrixRow>
                                <ct:Real>4.21e-05</ct:Real><ct:Real>2.36e-04</ct:Real><ct:Real>-0.000124</ct:Real><ct:Real>-1.01e-04</ct:Real>
                                <ct:Real>1.15e-04</ct:Real><ct:Real>-1.74e-06</ct:Real><ct:Real>0</ct:Real><ct:Real>0</ct:Real>
                                <ct:Real>0</ct:Real><ct:Real>0</ct:Real><ct:Real>0</ct:Real><ct:Real>0</ct:Real>
                            </ct:MatrixRow>
                            <ct:MatrixRow>
                                <ct:Real>2.36e-04</ct:Real><ct:Real>4.95e-02</ct:Real><ct:Real>-0.006150</ct:Real><ct:Real>-1.24e-03</ct:Real>
                                <ct:Real>-1.42e-04</ct:Real><ct:Real>1.12e-04</ct:Real><ct:Real>0</ct:Real><ct:Real>0</ct:Real>
                                <ct:Real>0</ct:Real><ct:Real>0</ct:Real><ct:Real>0</ct:Real><ct:Real>0</ct:Real>
                            </ct:MatrixRow>
                            <!-- omitted other matrix rows -->
                        </ct:Matrix>
                    </FIM>
                    <CovarianceMatrix>
                        <ct:Matrix matrixType="Any">
                            <ct:RowNames>
                                <ct:String>POP_CL</ct:String><ct:String>POP_V</ct:String><ct:String>POP_KA</ct:String><ct:String>POP_TLAG</ct:String>
                                <ct:String>BETA_CL_WT</ct:String><ct:String>BETA_V_WT</ct:String><ct:String>PPV_CL</ct:String><ct:String>PPV_V</ct:String>
                                <ct:String>PPV_KA</ct:String><ct:String>PPV_TLAG</ct:String><ct:String>RUV_PROP</ct:String><ct:String>RUV_ADD</ct:String>
                                <ct:String>CORR_PPV_CL_V</ct:String>
                            </ct:RowNames>
                            <ct:ColumnNames>
                                <ct:String>POP_CL</ct:String><ct:String>POP_V</ct:String><ct:String>POP_KA</ct:String><ct:String>POP_TLAG</ct:String>
                                <ct:String>BETA_CL_WT</ct:String><ct:String>BETA_V_WT</ct:String><ct:String>PPV_CL</ct:String><ct:String>PPV_V</ct:String>
                                <ct:String>PPV_KA</ct:String><ct:String>PPV_TLAG</ct:String><ct:String>RUV_PROP</ct:String><ct:String>RUV_ADD</ct:String>
                                <ct:String>CORR_PPV_CL_V</ct:String>
                            </ct:ColumnNames>
                            <ct:MatrixRow>
                                <ct:Real>4.21e-05</ct:Real><ct:Real>2.36e-04</ct:Real><ct:Real>-0.000124</ct:Real><ct:Real>-1.01e-04</ct:Real>
                                <ct:Real>1.15e-04</ct:Real><ct:Real>-1.74e-06</ct:Real><ct:Real>0</ct:Real><ct:Real>0</ct:Real>
                                <ct:Real>0</ct:Real><ct:Real>0</ct:Real><ct:Real>0</ct:Real><ct:Real>0</ct:Real>
                            </ct:MatrixRow>
                            <ct:MatrixRow>
                                <ct:Real>2.36e-04</ct:Real><ct:Real>4.95e-02</ct:Real><ct:Real>-0.006150</ct:Real><ct:Real>-1.24e-03</ct:Real>
                                <ct:Real>-1.42e-04</ct:Real><ct:Real>1.12e-04</ct:Real><ct:Real>0</ct:Real><ct:Real>0</ct:Real>
                                <ct:Real>0</ct:Real><ct:Real>0</ct:Real><ct:Real>0</ct:Real><ct:Real>0</ct:Real>
                            </ct:MatrixRow>
                            <!-- omitted other matrix rows -->
                        </ct:Matrix>
                    </CovarianceMatrix>
                    <CorrelationMatrix>
                        <ct:Matrix matrixType="Any">
                            <ct:RowNames>
                                <ct:String>POP_CL</ct:String><ct:String>POP_V</ct:String><ct:String>POP_KA</ct:String><ct:String>POP_TLAG</ct:String>
                                <ct:String>BETA_CL_WT</ct:String><ct:String>BETA_V_WT</ct:String><ct:String>PPV_CL</ct:String><ct:String>PPV_V</ct:String>
                                <ct:String>PPV_KA</ct:String><ct:String>PPV_TLAG</ct:String><ct:String>RUV_PROP</ct:String><ct:String>RUV_ADD</ct:String>
                                <ct:String>CORR_PPV_CL_V</ct:String>
                            </ct:RowNames>
                            <ct:ColumnNames>
                                <ct:String>POP_CL</ct:String><ct:String>POP_V</ct:String><ct:String>POP_KA</ct:String><ct:String>POP_TLAG</ct:String>
                                <ct:String>BETA_CL_WT</ct:String><ct:String>BETA_V_WT</ct:String><ct:String>PPV_CL</ct:String><ct:String>PPV_V</ct:String>
                                <ct:String>PPV_KA</ct:String><ct:String>PPV_TLAG</ct:String><ct:String>RUV_PROP</ct:String><ct:String>RUV_ADD</ct:String>
                                <ct:String>CORR_PPV_CL_V</ct:String>
                            </ct:ColumnNames>
                            <ct:MatrixRow>
                                <ct:Real>4.21e-05</ct:Real><ct:Real>2.36e-04</ct:Real><ct:Real>-0.000124</ct:Real><ct:Real>-1.01e-04</ct:Real>
                                <ct:Real>1.15e-04</ct:Real><ct:Real>-1.74e-06</ct:Real><ct:Real>0</ct:Real><ct:Real>0</ct:Real>
                                <ct:Real>0</ct:Real><ct:Real>0</ct:Real><ct:Real>0</ct:Real><ct:Real>0</ct:Real>
                            </ct:MatrixRow>
                            <ct:MatrixRow>
                                <ct:Real>2.36e-04</ct:Real><ct:Real>4.95e-02</ct:Real><ct:Real>-0.006150</ct:Real><ct:Real>-1.24e-03</ct:Real>
                                <ct:Real>-1.42e-04</ct:Real><ct:Real>1.12e-04</ct:Real><ct:Real>0</ct:Real><ct:Real>0</ct:Real>
                                <ct:Real>0</ct:Real><ct:Real>0</ct:Real><ct:Real>0</ct:Real><ct:Real>0</ct:Real>
                            </ct:MatrixRow>
                            <!-- omitted other matrix rows -->
                        </ct:Matrix>
                    </CorrelationMatrix>
                    <StandardError>
                        <ds:Definition>
                            <ds:Column columnId="Parameter" columnType="undefined" valueType="string" columnNum="1"/>
                            <ds:Column columnId="SE" columnType="undefined" valueType="real" columnNum="2"/>
                        </ds:Definition>
                        <ds:Table>
                            <ds:Row><ct:String>POP_CL</ct:String><ct:Real>0.1</ct:Real></ds:Row>
                            <ds:Row><ct:String>POP_V</ct:String><ct:Real>0.2</ct:Real></ds:Row>
                            <!-- omitted other parameters -->
                        </ds:Table>
                    </StandardError>
                    <RelativeStandardError>
                        <ds:Definition>
                            <ds:Column columnId="Parameter" columnType="undefined" valueType="string" columnNum="1"/>
                            <ds:Column columnId="RSE" columnType="undefined" valueType="real" columnNum="2"/>
                        </ds:Definition>
                        <ds:Table>
                            <ds:Row><ct:String>POP_CL</ct:String><ct:Real>0.1</ct:Real></ds:Row>
                            <ds:Row><ct:String>POP_V</ct:String><ct:Real>0.2</ct:Real></ds:Row>
                            <!-- omitted other parameters -->
                        </ds:Table>
                    </RelativeStandardError>
                    <AsymptoticCI>
                        <ds:Definition>
                            <ds:Column columnId="Parameter" columnType="undefined" valueType="string" columnNum="1"/>
                            <ds:Column columnId="CI" columnType="undefined" valueType="real" columnNum="2"/>
                            <ds:Column columnId="LowerBound" columnType="undefined" valueType="real" columnNum="3"/>
                            <ds:Column columnId="UpperBound" columnType="undefined" valueType="real" columnNum="4"/>
                        </ds:Definition>
                        <ds:Table>
                            <ds:Row><ct:String>POP_CL</ct:String><ct:String>95%</ct:String><ct:Real>0.1</ct:Real><ct:Real>0.5</ct:Real></ds:Row>
                            <ds:Row><ct:String>POP_V</ct:String><ct:String>95%</ct:String><ct:Real>0.2</ct:Real><ct:Real>0.6</ct:Real></ds:Row>
                            <!-- omitted other parameters -->
                        </ds:Table>
                    </AsymptoticCI>
                    <ConditionNumber>
                        <ct:Real>.0001</ct:Real>
                    </ConditionNumber>
                </MLE>
                <Bayesian>
                    <StandardDeviationPosterior>
                        <ds:Definition>
                            <ds:Column columnId="Parameter" columnType="undefined" valueType="string" columnNum="1"/>
                            <ds:Column columnId="SDP" columnType="undefined" valueType="real" columnNum="2"/>
                        </ds:Definition>
                        <ds:Table>
                            <ds:Row><ct:String>POP_CL</ct:String><ct:Real>0.1</ct:Real></ds:Row>
                            <ds:Row><ct:String>POP_V</ct:String><ct:Real>0.2</ct:Real></ds:Row>
                            <!-- omitted other parameters -->
                        </ds:Table>
                    </StandardDeviationPosterior>
                    <PosteriorDistribution>
                        <LogNormalDistribution xmlns="http://www.uncertml.org/3.0" definition="">
                            <logScale>
                                <rVal>10</rVal>
                            </logScale>
                            <shape>
                                <prVal>1.5</prVal>
                            </shape>
                        </LogNormalDistribution>
                        <!-- ALTERNATIVELY with dataset-->
 <!--                       <DataSet>
                            <ds:Definition>
                                <ds:Column columnId="Parameter" columnType="undefined" valueType="string" columnNum="1"/>
                                <ds:Column columnId="PD" columnType="undefined" valueType="real" columnNum="2"/>
                            </ds:Definition>
                            <ds:Table>
                                <ds:Row><ct:String>POP_CL</ct:String><ct:Real>0.1</ct:Real></ds:Row>
                                <ds:Row><ct:String>POP_V</ct:String><ct:Real>0.2</ct:Real></ds:Row>
                                <!-\- omitted other parameters -\->
                            </ds:Table>
                        </DataSet>-->
                    </PosteriorDistribution>
                    <PercentilesCI>
                        <ds:Definition>
                            <ds:Column columnId="Percentile" columnType="undefined" valueType="real" columnNum="1"/>
                            <ds:Column columnId="POP_CL " columnType="undefined" valueType="real" columnNum="2"/>
                            <!-- omitted other parameters -->
                            <ds:Column columnId="POP_V" columnType="undefined" valueType="real" columnNum="10"/>
                        </ds:Definition>
                        <ds:Table>
                            <ds:Row>
                                <ct:Real>0.05</ct:Real>
                                <ct:Real>0.1</ct:Real>
                                <!-- .... -->
                                <ct:Real>0.5</ct:Real>
                            </ds:Row>
                            <ds:Row>
                                <ct:Real>0.95</ct:Real>
                                <ct:Real>0.2</ct:Real>
                                
                                <ct:Real>0.6</ct:Real>
                            </ds:Row>
                        </ds:Table>
                    </PercentilesCI>
                </Bayesian>
                <Bootstrap>
                    <PrecisionEstimates>
                        <ds:Definition>
                            <ds:Column columnId="Parameter" columnType="undefined" valueType="string" columnNum="1"/>
                            <ds:Column columnId="StandardDeviation" columnType="undefined" valueType="real" columnNum="2"/>
                            <ds:Column columnId="StandardError" columnType="undefined" valueType="real" columnNum="3"/>
                            <ds:Column columnId="LowerCI" columnType="undefined" valueType="real" columnNum="4"/>
                            <ds:Column columnId="UpperCI" columnType="undefined" valueType="real" columnNum="5"/>
                            <ds:Column columnId="Alpha" columnType="undefined" valueType="real" columnNum="6"/>
                        </ds:Definition>
                        <ds:Table>
                            <ds:Row><ct:String>POP_CL</ct:String><ct:Real>0.1</ct:Real><ct:Real>0.2</ct:Real><ct:Real>0.3</ct:Real>
                                <ct:Real>0.4</ct:Real><ct:Real>0.5</ct:Real><ct:Real>0.6</ct:Real>
                            </ds:Row>
                            <!-- omitted other parameters -->
                        </ds:Table>
                    </PrecisionEstimates>
                    <Percentiles>
                        <ds:Definition>
                            <ds:Column columnId="Percentile" columnType="undefined" valueType="real" columnNum="1"/>
                            <ds:Column columnId="POP_CL " columnType="undefined" valueType="real" columnNum="2"/>
                            <!-- omitted other parameters -->
                            <ds:Column columnId="POP_V" columnType="undefined" valueType="real" columnNum="10"/>
                        </ds:Definition>
                        <ds:Table>
                            <ds:Row>
                                <ct:Real>0.05</ct:Real>
                                <ct:Real>0.1</ct:Real>
                                <!-- .... -->
                                <ct:Real>0.5</ct:Real>
                            </ds:Row>
                            <ds:Row>
                                <ct:Real>0.95</ct:Real>
                                <ct:Real>0.2</ct:Real>
                                
                                <ct:Real>0.6</ct:Real>
                            </ds:Row>
                        </ds:Table>
                    </Percentiles>
                    <PosteriorDistribution>
                        <LogNormalDistribution xmlns="http://www.uncertml.org/3.0" definition="">
                            <logScale>
                                <rVal>10</rVal>
                            </logScale>
                            <shape>
                                <prVal>1.5</prVal>
                            </shape>
                        </LogNormalDistribution>
                        <!-- ALTERNATIVELY with Dataset-->
                    </PosteriorDistribution>
                </Bootstrap>
                <LLP>
                    <PrecisionEstimates>
                        <ds:Definition>
                            <ds:Column columnId="Parameter" columnType="undefined" valueType="string" columnNum="1"/>
                            <ds:Column columnId="StandardDeviation" columnType="undefined" valueType="real" columnNum="2"/>
                            <ds:Column columnId="StandardError" columnType="undefined" valueType="real" columnNum="3"/>
                            <ds:Column columnId="LowerCI" columnType="undefined" valueType="real" columnNum="4"/>
                            <ds:Column columnId="UpperCI" columnType="undefined" valueType="real" columnNum="5"/>
                            <ds:Column columnId="Alpha" columnType="undefined" valueType="real" columnNum="6"/>
                        </ds:Definition>
                        <ds:Table>
                            <ds:Row><ct:String>POP_CL</ct:String><ct:Real>0.1</ct:Real><ct:Real>0.2</ct:Real><ct:Real>0.3</ct:Real>
                                <ct:Real>0.4</ct:Real><ct:Real>0.5</ct:Real>
                            </ds:Row>
                            <!-- omitted other parameters -->
                        </ds:Table>
                    </PrecisionEstimates>
                    <Percentiles>
                        <ds:Definition>
                            <ds:Column columnId="Percentile" columnType="undefined" valueType="real" columnNum="1"/>
                            <ds:Column columnId="POP_CL " columnType="undefined" valueType="real" columnNum="2"/>
                            <!-- omitted other parameters -->
                            <ds:Column columnId="POP_V" columnType="undefined" valueType="real" columnNum="10"/>
                        </ds:Definition>
                        <ds:Table>
                            <ds:Row>
                                <ct:Real>0.05</ct:Real>
                                <ct:Real>0.1</ct:Real>
                                <!-- .... -->
                                <ct:Real>0.5</ct:Real>
                            </ds:Row>
                            <ds:Row>
                                <ct:Real>0.95</ct:Real>
                                <ct:Real>0.2</ct:Real>
                                
                                <ct:Real>0.6</ct:Real>
                            </ds:Row>
                        </ds:Table>
                    </Percentiles>
                    <PosteriorDistribution>
                        <LogNormalDistribution xmlns="http://www.uncertml.org/3.0" definition="">
                            <logScale>
                                <rVal>10</rVal>
                            </logScale>
                            <shape>
                                <prVal>1.5</prVal>
                            </shape>
                        </LogNormalDistribution>
                        <!-- ALTERNATIVELY with Dataset-->
                    </PosteriorDistribution>
                </LLP>
                <SIR>
                    <PrecisionEstimates>
                        <ds:Definition>
                            <ds:Column columnId="Parameter" columnType="undefined" valueType="string" columnNum="1"/>
                            <ds:Column columnId="StandardDeviation" columnType="undefined" valueType="real" columnNum="2"/>
                            <ds:Column columnId="StandardError" columnType="undefined" valueType="real" columnNum="3"/>
                            <ds:Column columnId="LowerCI" columnType="undefined" valueType="real" columnNum="4"/>
                            <ds:Column columnId="UpperCI" columnType="undefined" valueType="real" columnNum="5"/>
                            <ds:Column columnId="Alpha" columnType="undefined" valueType="real" columnNum="6"/>
                        </ds:Definition>
                        <ds:Table>
                            <ds:Row><ct:String>POP_CL</ct:String><ct:Real>0.1</ct:Real><ct:Real>0.2</ct:Real><ct:Real>0.3</ct:Real>
                                <ct:Real>0.4</ct:Real><ct:Real>0.5</ct:Real>
                            </ds:Row>
                            <!-- omitted other parameters -->
                        </ds:Table>
                    </PrecisionEstimates>
                    <Percentiles>
                        <ds:Definition>
                            <ds:Column columnId="Percentile" columnType="undefined" valueType="real" columnNum="1"/>
                            <ds:Column columnId="POP_CL " columnType="undefined" valueType="real" columnNum="2"/>
                            <!-- omitted other parameters -->
                            <ds:Column columnId="POP_V" columnType="undefined" valueType="real" columnNum="10"/>
                        </ds:Definition>
                        <ds:Table>
                            <ds:Row>
                                <ct:Real>0.05</ct:Real>
                                <ct:Real>0.1</ct:Real>
                                <!-- .... -->
                                <ct:Real>0.5</ct:Real>
                            </ds:Row>
                            <ds:Row>
                                <ct:Real>0.95</ct:Real>
                                <ct:Real>0.2</ct:Real>
                                
                                <ct:Real>0.6</ct:Real>
                            </ds:Row>
                        </ds:Table>
                    </Percentiles>
                    <PosteriorDistribution>
                        <LogNormalDistribution xmlns="http://www.uncertml.org/3.0" definition="">
                            <logScale>
                                <rVal>10</rVal>
                            </logScale>
                            <shape>
                                <prVal>1.5</prVal>
                            </shape>
                        </LogNormalDistribution>
                        <!-- ALTERNATIVELY with Dataset-->
                    </PosteriorDistribution>
                </SIR>
                <MultiDimLLP>
                    <PrecisionEstimates>
                        <ds:Definition>
                            <ds:Column columnId="Parameter" columnType="undefined" valueType="string" columnNum="1"/>
                            <ds:Column columnId="StandardDeviation" columnType="undefined" valueType="real" columnNum="2"/>
                            <ds:Column columnId="StandardError" columnType="undefined" valueType="real" columnNum="3"/>
                            <ds:Column columnId="LowerCI" columnType="undefined" valueType="real" columnNum="4"/>
                            <ds:Column columnId="UpperCI" columnType="undefined" valueType="real" columnNum="5"/>
                            <ds:Column columnId="Alpha" columnType="undefined" valueType="real" columnNum="6"/>
                        </ds:Definition>
                        <ds:Table>
                            <ds:Row><ct:String>POP_CL</ct:String><ct:Real>0.1</ct:Real><ct:Real>0.2</ct:Real><ct:Real>0.3</ct:Real>
                                <ct:Real>0.4</ct:Real><ct:Real>0.5</ct:Real>
                            </ds:Row>
                            <!-- omitted other parameters -->
                        </ds:Table>
                    </PrecisionEstimates>
                    <Percentiles>
                        <ds:Definition>
                            <ds:Column columnId="Percentile" columnType="undefined" valueType="real" columnNum="1"/>
                            <ds:Column columnId="POP_CL " columnType="undefined" valueType="real" columnNum="2"/>
                            <!-- omitted other parameters -->
                            <ds:Column columnId="POP_V" columnType="undefined" valueType="real" columnNum="10"/>
                        </ds:Definition>
                        <ds:Table>
                            <ds:Row>
                                <ct:Real>0.05</ct:Real>
                                <ct:Real>0.1</ct:Real>
                                <!-- .... -->
                                <ct:Real>0.5</ct:Real>
                            </ds:Row>
                            <ds:Row>
                                <ct:Real>0.95</ct:Real>
                                <ct:Real>0.2</ct:Real>
                                
                                <ct:Real>0.6</ct:Real>
                            </ds:Row>
                        </ds:Table>
                    </Percentiles>
                    <PosteriorDistribution>
                        <LogNormalDistribution xmlns="http://www.uncertml.org/3.0" definition="">
                            <logScale>
                                <rVal>10</rVal>
                            </logScale>
                            <shape>
                                <prVal>1.5</prVal>
                            </shape>
                        </LogNormalDistribution>
                        <!-- ALTERNATIVELY with Dataset-->
                    </PosteriorDistribution>
                </MultiDimLLP>

            </PrecisionPopulationEstimates>
            
            <IndividualEstimates>
                <Estimates>
                    <Mean>
                        <Definition xmlns="http://www.pharmml.org/pharmml/0.6/Dataset">
                            <Column columnId="ID" columnType="id" valueType="string" columnNum="1"/>
                            <Column columnId="CL" columnType="undefined" valueType="real" columnNum="2"/>
                            <Column columnId="V" columnType="undefined" valueType="real" columnNum="3"/>
                            <Column columnId="KA" columnType="undefined" valueType="real" columnNum="4"/>
                            <Column columnId="TLAG" columnType="undefined" valueType="real" columnNum="5"/>
                            <!-- omitted other parameters -->
                        </Definition>
                        <Table xmlns="http://www.pharmml.org/pharmml/0.6/Dataset">
                            <Row><ct:Id>i1</ct:Id><ct:Real>0.28649</ct:Real><ct:Real>7.892</ct:Real><ct:Real>0.3025</ct:Real><ct:Real>0.5588</ct:Real></Row>
                            <Row><ct:Id>i2</ct:Id><ct:Real>0.11184</ct:Real><ct:Real>7.670</ct:Real><ct:Real>1.3134</ct:Real><ct:Real>0.8290</ct:Real></Row>
                            <!-- omitted other subjects -->
                        </Table>
                    </Mean>
                    <Median>
                        <Definition xmlns="http://www.pharmml.org/pharmml/0.6/Dataset">
                            <Column columnId="ID" columnType="id" valueType="id" columnNum="1"/>
                            <Column columnId="CL" columnType="undefined" valueType="real" columnNum="2"/>
                            <Column columnId="V" columnType="undefined" valueType="real" columnNum="3"/>
                            <Column columnId="KA" columnType="undefined" valueType="real" columnNum="4"/>
                            <Column columnId="TLAG" columnType="undefined" valueType="real" columnNum="5"/>
                            <!-- omitted other parameters -->
                        </Definition>
                        <Table xmlns="http://www.pharmml.org/pharmml/0.6/Dataset">
                            <Row><ct:Id>i1</ct:Id><ct:Real>0.28649</ct:Real><ct:Real>7.892</ct:Real><ct:Real>0.3025</ct:Real><ct:Real>0.5588</ct:Real></Row>
                            <Row><ct:Id>i2</ct:Id><ct:Real>0.11184</ct:Real><ct:Real>7.670</ct:Real><ct:Real>1.3134</ct:Real><ct:Real>0.8290</ct:Real></Row>
                            <!-- omitted other subjects -->
                        </Table>
                    </Median>
                    <Mode>
                        <Definition xmlns="http://www.pharmml.org/pharmml/0.6/Dataset">
                            <Column columnId="ID" columnType="id" valueType="id" columnNum="1"/>
                            <Column columnId="CL" columnType="undefined" valueType="real" columnNum="2"/>
                            <Column columnId="V" columnType="undefined" valueType="real" columnNum="3"/>
                            <Column columnId="KA" columnType="undefined" valueType="real" columnNum="4"/>
                            <Column columnId="TLAG" columnType="undefined" valueType="real" columnNum="5"/>
                            <!-- omitted other parameters -->
                        </Definition>
                        <Table xmlns="http://www.pharmml.org/pharmml/0.6/Dataset">
                            <Row><ct:Id>i1</ct:Id><ct:Real>0.28649</ct:Real><ct:Real>7.892</ct:Real><ct:Real>0.3025</ct:Real><ct:Real>0.5588</ct:Real></Row>
                            <Row><ct:Id>i2</ct:Id><ct:Real>0.11184</ct:Real><ct:Real>7.670</ct:Real><ct:Real>1.3134</ct:Real><ct:Real>0.8290</ct:Real></Row>
                            <!-- omitted other subjects -->
                        </Table>
                    </Mode>
                    <Samples>
                        <Definition xmlns="http://www.pharmml.org/pharmml/0.6/Dataset">
                            <Column columnId="CL" columnType="undefined" valueType="real" columnNum="1"/>
                            <Column columnId="V" columnType="undefined" valueType="real" columnNum="2"/>
                            <Column columnId="KA" columnType="undefined" valueType="real" columnNum="3"/>
                            <Column columnId="TLAG" columnType="undefined" valueType="real" columnNum="4"/>
                            <!-- omitted other parameters -->
                        </Definition>
                        <Table xmlns="http://www.pharmml.org/pharmml/0.6/Dataset">
                            <Row><ct:Id>i1</ct:Id><ct:Real>0.28649</ct:Real><ct:Real>7.892</ct:Real><ct:Real>0.3025</ct:Real><ct:Real>0.5588</ct:Real></Row>
                            <Row><ct:Id>i2</ct:Id><ct:Real>0.11184</ct:Real><ct:Real>7.670</ct:Real><ct:Real>1.3134</ct:Real><ct:Real>0.8290</ct:Real></Row>
                            <!-- omitted other subjects -->
                        </Table>
                    </Samples>
                </Estimates>
                <RandomEffects>
                    <EffectMean>
                        <Definition xmlns="http://www.pharmml.org/pharmml/0.6/Dataset">
                            <Column columnId="ID" columnType="id" valueType="id" columnNum="1"/>
                            <Column columnId="ETA_CL" columnType="undefined" valueType="real" columnNum="2"/>
                            <Column columnId="ETA_V" columnType="undefined" valueType="real" columnNum="3"/>
                            <Column columnId="ETA_KA" columnType="undefined" valueType="real" columnNum="4"/>
                            <Column columnId="ETA_TLAG" columnType="undefined" valueType="real" columnNum="5"/>
                            <!-- omitted other random effects -->
                        </Definition>
                        <Table xmlns="http://www.pharmml.org/pharmml/0.6/Dataset">
                            <Row>
                                <ct:Id>i1</ct:Id><ct:Real>0.79602</ct:Real><ct:Real>0.02201</ct:Real><ct:Real>-1.4809</ct:Real><ct:Real>-3.913e-01</ct:Real> 
                                <ct:Id>i2</ct:Id><ct:Real>-0.1446</ct:Real><ct:Real>-0.00652</ct:Real><ct:Real>-0.012555</ct:Real><ct:Real>2.961e-03</ct:Real> 
                                <!-- omitted other subjects -->
                            </Row>
                        </Table>
                    </EffectMean>
                    <EffectMedian>
                        <Definition xmlns="http://www.pharmml.org/pharmml/0.6/Dataset">
                            <Column columnId="ID" columnType="id" valueType="id" columnNum="1"/>
                            <Column columnId="ETA_CL" columnType="undefined" valueType="real" columnNum="2"/>
                            <Column columnId="ETA_V" columnType="undefined" valueType="real" columnNum="3"/>
                            <Column columnId="ETA_KA" columnType="undefined" valueType="real" columnNum="4"/>
                            <Column columnId="ETA_TLAG" columnType="undefined" valueType="real" columnNum="5"/>
                            <!-- omitted other random effects -->
                        </Definition>
                        <Table xmlns="http://www.pharmml.org/pharmml/0.6/Dataset">
                            <Row>
                                <ct:Id>i1</ct:Id><ct:Real>0.79602</ct:Real><ct:Real>0.02201</ct:Real><ct:Real>-1.4809</ct:Real><ct:Real>-3.913e-01</ct:Real> 
                                <ct:Id>i2</ct:Id><ct:Real>-0.1446</ct:Real><ct:Real>-0.00652</ct:Real><ct:Real>-0.012555</ct:Real><ct:Real>2.961e-03</ct:Real> 
                                <!-- omitted other subjects -->
                            </Row>
                        </Table>
                    </EffectMedian>
                    <EffectMode>
                        <Definition xmlns="http://www.pharmml.org/pharmml/0.6/Dataset">
                            <Column columnId="ID" columnType="id" valueType="id" columnNum="1"/>
                            <Column columnId="ETA_CL" columnType="undefined" valueType="real" columnNum="2"/>
                            <Column columnId="ETA_V" columnType="undefined" valueType="real" columnNum="3"/>
                            <Column columnId="ETA_KA" columnType="undefined" valueType="real" columnNum="4"/>
                            <Column columnId="ETA_TLAG" columnType="undefined" valueType="real" columnNum="5"/>
                            <!-- omitted other random effects -->
                        </Definition>
                        <Table xmlns="http://www.pharmml.org/pharmml/0.6/Dataset">
                            <Row>
                                <ct:Id>i1</ct:Id><ct:Real>0.79602</ct:Real><ct:Real>0.02201</ct:Real><ct:Real>-1.4809</ct:Real><ct:Real>-3.913e-01</ct:Real> 
                                <ct:Id>i2</ct:Id><ct:Real>-0.1446</ct:Real><ct:Real>-0.00652</ct:Real><ct:Real>-0.012555</ct:Real><ct:Real>2.961e-03</ct:Real> 
                                <!-- omitted other subjects -->
                            </Row>
                        </Table>
                    </EffectMode>
                    <Samples>
                        <Definition xmlns="http://www.pharmml.org/pharmml/0.6/Dataset">
                            <Column columnId="ETA_CL" columnType="undefined" valueType="real" columnNum="1"/>
                            <Column columnId="ETA_V" columnType="undefined" valueType="real" columnNum="2"/>
                            <Column columnId="ETA_KA" columnType="undefined" valueType="real" columnNum="3"/>
                            <Column columnId="ETA_TLAG" columnType="undefined" valueType="real" columnNum="4"/>
                            <!-- omitted other parameters -->
                        </Definition>
                        <Table xmlns="http://www.pharmml.org/pharmml/0.6/Dataset">
                            <Row><ct:Real>0.28649</ct:Real><ct:Real>7.892</ct:Real><ct:Real>0.3025</ct:Real><ct:Real>0.5588</ct:Real></Row>
                            <Row><ct:Real>0.11184</ct:Real><ct:Real>7.670</ct:Real><ct:Real>1.3134</ct:Real><ct:Real>0.8290</ct:Real></Row>
                            <!-- omitted other subjects -->
                        </Table>
                    </Samples>
                </RandomEffects>
                
                <!-- RELOCATED -->
                <EtaShrinkage>
                    <Definition xmlns="http://www.pharmml.org/pharmml/0.6/Dataset">
                        <Column columnId="ETA_SHRINKAGE_CL" columnType="undefined" valueType="real" columnNum="1"/>
                        <Column columnId="ETA_SHRINKAGE_V" columnType="undefined" valueType="real" columnNum="2"/>
                        <Column columnId="ETA_SHRINKAGE_KA" columnType="undefined" valueType="real" columnNum="3"/>
                        <Column columnId="ETA_SHRINKAGE_TLAG" columnType="undefined" valueType="real" columnNum="4"/>
                        <!-- omitted other random effects shrinkage -->
                    </Definition>
                    <Table xmlns="http://www.pharmml.org/pharmml/0.6/Dataset">
                        <Row><ct:Real>-0.04671</ct:Real><ct:Real>11.073</ct:Real><ct:Real>51.076</ct:Real><ct:Real>59.033</ct:Real></Row>
                    </Table>
                </EtaShrinkage>
                
            </IndividualEstimates>
            
            <PrecisionIndividualEstimates>
                <LogNormalDistribution xmlns="http://www.uncertml.org/3.0" definition="">
                    <logScale>
                        <rVal>10</rVal>
                    </logScale>
                    <shape>
                        <prVal>1.5</prVal>
                    </shape>
                </LogNormalDistribution>
            </PrecisionIndividualEstimates>
            
            <Residuals>
                <ResidualTable>
                    <Definition xmlns="http://www.pharmml.org/pharmml/0.6/Dataset">
                        <Column columnId="ID" columnType="id" valueType="string" columnNum="1"/>
                        <Column columnId="TIME" columnType="undefined" valueType="real" columnNum="2"/>
                        <Column columnId="RES" columnType="undefined" valueType="real" columnNum="3"/>
                        <Column columnId="IRES" columnType="undefined" valueType="real" columnNum="4"/>
                        <Column columnId="WRES" columnType="undefined" valueType="real" columnNum="5"/>
                        <Column columnId="CWRES" columnType="undefined" valueType="real" columnNum="6"/>
                        <Column columnId="IWRES" columnType="undefined" valueType="real" columnNum="7"/>
                        <Column columnId="PD" columnType="undefined" valueType="real" columnNum="8"/>
                        <Column columnId="NPDE" columnType="undefined" valueType="real" columnNum="9"/>
                    </Definition>
                    <Table xmlns="http://www.pharmml.org/pharmml/0.6/Dataset">
                        <Row>
                            <ct:String>1</ct:String><ct:Real>1</ct:Real><ct:Real>2</ct:Real>
                            <ct:Real>3</ct:Real><ct:Real>4</ct:Real><ct:Real>5</ct:Real>
                            <ct:Real>6</ct:Real><ct:Real>7</ct:Real><ct:Real>8</ct:Real><ct:Real>9</ct:Real>
                        </Row>
                        <Row>
                            <ct:String>2</ct:String><ct:Real>1</ct:Real><ct:Real>2</ct:Real>
                            <ct:Real>3</ct:Real><ct:Real>4</ct:Real><ct:Real>5</ct:Real>
                            <ct:Real>6</ct:Real><ct:Real>7</ct:Real><ct:Real>8</ct:Real><ct:Real>9</ct:Real>
                        </Row>
                        <!-- omitted other subjects -->
                    </Table>
                </ResidualTable>
                <EpsShrinkage>
                    <Definition xmlns="http://www.pharmml.org/pharmml/0.6/Dataset">
                        <Column columnId="EPS_SHRINKAGE_ADD" columnType="undefined" valueType="real" columnNum="1"/>
                        <Column columnId="EPS_SHRINKAGE_PROP" columnType="undefined" valueType="real" columnNum="2"/>
                        <!-- omitted other residual errror shrinkage -->
                    </Definition>
                    <Table xmlns="http://www.pharmml.org/pharmml/0.6/Dataset">
                        <Row><ct:Real>-0.04671</ct:Real><ct:Real>11.073</ct:Real></Row>
                    </Table>
                </EpsShrinkage>
            </Residuals>
            
            <Predictions>
                <Definition xmlns="http://www.pharmml.org/pharmml/0.6/Dataset">
                    <Column columnId="ID" columnType="id" valueType="id" columnNum="1"/>
                    <Column columnId="TIME" columnType="undefined" valueType="real" columnNum="2"/>
                    <Column columnId="PRED" columnType="undefined" valueType="real" columnNum="3"/>
                    <Column columnId="IPRED" columnType="undefined" valueType="real" columnNum="4"/>
                </Definition>
                <Table xmlns="http://www.pharmml.org/pharmml/0.6/Dataset">
                    <Row><ct:Id>i1</ct:Id><ct:Real>0</ct:Real><ct:Real>7.892</ct:Real><ct:Real>1.892</ct:Real></Row>
                    <Row><ct:Id>i2</ct:Id><ct:Real>1</ct:Real><ct:Real>7.670</ct:Real><ct:Real>6.802</ct:Real></Row>
                    <!-- omitted other subjects -->
                </Table>
            </Predictions>
            
            <Likelihood>
                <LogLikelihood>1.234</LogLikelihood>
                <Deviance>2.345</Deviance>
                <IndividualContribToLL>
                    <Definition xmlns="http://www.pharmml.org/pharmml/0.6/Dataset">
                        <Column columnId="ID" columnType="id" valueType="id" columnNum="1"/>
                        <Column columnId="ICtoLL" columnType="undefined" valueType="real" columnNum="2"/>
                    </Definition>
                    <Table xmlns="http://www.pharmml.org/pharmml/0.6/Dataset">
                        <Row><ct:Id>i1</ct:Id><ct:Real>7.892</ct:Real></Row>
                        <Row><ct:Id>i2</ct:Id><ct:Real>7.670</ct:Real></Row>
                        <!-- omitted other subjects -->
                    </Table>
                </IndividualContribToLL>
                <InformationCriteria>
                    <AIC>3.456</AIC>
                    <BIC>4.567</BIC>
                    <DIC>5.678</DIC>
                </InformationCriteria>
            </Likelihood>
        </Estimation>

        <!-- MODEL DIAGNOSTIC -->
        <ModelDiagnostic>
            <DiagnosticPlotsStructuralModel>
                <IndivFits>
                    <ObservationTable>
                        <Definition xmlns="http://www.pharmml.org/pharmml/0.6/Dataset">
                            <Column columnId="ID" columnType="id" valueType="real" columnNum="1"/>
                            <Column columnId="TIME" columnType="time" valueType="real" columnNum="2"/>
                            <Column columnId="DVID" columnType="dvid" valueType="real" columnNum="3"/>
                            <Column columnId="OBSERVATIONS" columnType="dv" valueType="real" columnNum="4"/>
                        </Definition>
                        <Table xmlns="http://www.pharmml.org/pharmml/0.6/Dataset">
                            <Row><ct:Real>1</ct:Real><ct:Real>2</ct:Real><ct:Real>3</ct:Real><ct:Real>4</ct:Real></Row>
                            <!-- omitted other pairs -->
                            <Row><ct:Real>11</ct:Real><ct:Real>12</ct:Real><ct:Real>13</ct:Real><ct:Real>14</ct:Real></Row>
                        </Table>
                    </ObservationTable>
                    <PredictionTable>
                        <Definition xmlns="http://www.pharmml.org/pharmml/0.6/Dataset">
                            <Column columnId="ID" columnType="id" valueType="real" columnNum="1"/>
                            <Column columnId="TIMEcont" columnType="time" valueType="real" columnNum="2"/>
                            <Column columnId="DVID" columnType="dvid" valueType="real" columnNum="3"/>
                            <Column columnId="PREDICTIONcont" columnType="dv" valueType="real" columnNum="4"/>
                        </Definition>
                        <Table xmlns="http://www.pharmml.org/pharmml/0.6/Dataset">
                            <Row><ct:Real>1</ct:Real><ct:Real>2</ct:Real><ct:Real>3</ct:Real><ct:Real>4</ct:Real></Row>
                            <!-- omitted other pairs -->
                            <Row><ct:Real>11</ct:Real><ct:Real>12</ct:Real><ct:Real>13</ct:Real><ct:Real>14</ct:Real></Row>
                        </Table>
                    </PredictionTable>
                </IndivFits>
                <IndivPredictionVsObserv>
                    <Definition xmlns="http://www.pharmml.org/pharmml/0.6/Dataset">
                        <Column columnId="PREDICTION" columnType="dv" valueType="real" columnNum="1"/>
                        <Column columnId="DVID" columnType="dvid" valueType="real" columnNum="2"/>
                        <Column columnId="OBSERVATION" columnType="dv" valueType="real" columnNum="3"/>
                        <Column columnId="STRATA_DOSE" columnType="undefined" valueType="real" columnNum="4"/>
                        <!-- omitted STRATA -->
                        <Column columnId="STRATA_STUDY" columnType="undefined" valueType="real" columnNum="5"/>
                    </Definition>
                    <Table xmlns="http://www.pharmml.org/pharmml/0.6/Dataset">
                        <Row><ct:Real>1</ct:Real><ct:Real>2</ct:Real><ct:Real>3</ct:Real><ct:Real>4</ct:Real><ct:Real>5</ct:Real></Row>
                        <!-- omitted other rows -->
                        <Row><ct:Real>11</ct:Real><ct:Real>12</ct:Real><ct:Real>3</ct:Real><ct:Real>4</ct:Real><ct:Real>15</ct:Real></Row>
                    </Table>
                </IndivPredictionVsObserv>
                <VPC>
                    <Definition xmlns="http://www.pharmml.org/pharmml/0.6/Dataset">
                        <Column columnId="TIME" columnType="time" valueType="real" columnNum="1"/>
                        <Column columnId="BinLow" columnType="undefined" valueType="real" columnNum="2"/>
                        <Column columnId="BinHigh" columnType="undefined" valueType="real" columnNum="3"/>
                        <Column columnId="Percentile_1" columnType="undefined" valueType="real" columnNum="4"/>
                        <Column columnId="ObservedPercentile_1" columnType="undefined" valueType="real" columnNum="5"/>
                        <Column columnId="LowerBound" columnType="undefined" valueType="real" columnNum="6"/>
                        <Column columnId="UpperBound" columnType="undefined" valueType="real" columnNum="7"/>
                        <!-- omitted columns -->
                        <Column columnId="Percentile_X" columnType="undefined" valueType="real" columnNum="20"/>
                        <Column columnId="ObservedPercentile_X" columnType="undefined" valueType="real" columnNum="21"/>
                        <Column columnId="LowerBound" columnType="undefined" valueType="real" columnNum="22"/>
                        <Column columnId="UpperBound" columnType="undefined" valueType="real" columnNum="23"/>
                        <Column columnId="STRATA_DOSE" columnType="undefined" valueType="real" columnNum="24"/>
                        <!-- omitted STRATA -->
                        <Column columnId="STRATA_STUDY" columnType="undefined" valueType="real" columnNum="25"/>
                    </Definition>
                    <Table xmlns="http://www.pharmml.org/pharmml/0.6/Dataset">
                        <Row><ct:Real>1</ct:Real><!-- omitted columns --><ct:Real>25</ct:Real></Row>
                        <!-- omitted rows -->
                    </Table>
                </VPC>
            </DiagnosticPlotsStructuralModel>
            
            <DiagnosticPlotsIndividualParams>
                <Definition xmlns="http://www.pharmml.org/pharmml/0.6/Dataset">
                    <Column columnId="ETA_V" columnType="undefined" valueType="real" columnNum="1"/>
                    <Column columnId="ETA_CL" columnType="undefined" valueType="real" columnNum="2"/>
                    <!-- ETA_i -->
                    <Column columnId="ETA_KA" columnType="undefined" valueType="real" columnNum="10"/>
                    <Column columnId="V" columnType="undefined" valueType="real" columnNum="11"/>
                    <Column columnId="CL" columnType="undefined" valueType="real" columnNum="12"/>
                    <!-- X_i -->
                    <Column columnId="KA" columnType="undefined" valueType="real" columnNum="20"/>
                    <Column columnId="WT" columnType="covariate" valueType="real" columnNum="21"/>
                    <Column columnId="SEX" columnType="covariate" valueType="real" columnNum="22"/>
                    <!-- C_i -->
                    <Column columnId="AGE" columnType="covariate" valueType="real" columnNum="30"/>
                    <Column columnId="STRATA_DOSE" columnType="undefined" valueType="real" columnNum="31"/>
                    <!-- omitted STRATA -->
                    <Column columnId="STRATA_STUDY" columnType="undefined" valueType="real" columnNum="32"/>
                </Definition>
                <Table xmlns="http://www.pharmml.org/pharmml/0.6/Dataset">
                    <Row><ct:Real>1</ct:Real><!-- omitted columns --><ct:Real>20</ct:Real><!-- omitted columns --><ct:Real>32</ct:Real></Row>
                </Table>
                <!--ALTERNATIVE: external data file reference. -->
                <!-- <ds:ExternalFile oid="ext100"> 
                        <ds:path>myData.csv</ds:path>
                    </ds:ExternalFile>-->
            </DiagnosticPlotsIndividualParams>
        </ModelDiagnostic>
                
        <!-- SIMULATION -->
        <Simulation>
            <SimulationBlock replicate="1">             <!-- OPTIONAL if only one block required -->
                <SimulatedProfiles>                     <!-- OPTIONAL name/extFileNo attributes -->
                    <ds:Definition>
                        <ds:Column columnId="ID" columnType="id" valueType="string" columnNum="1"/>
                        <ds:Column columnId="DVID" columnType="dvid" valueType="int" columnNum="2"/>
                        <ds:Column columnId="TIME" columnType="time" valueType="real" columnNum="3"/>
                        <ds:Column columnId="Observation" columnType="dv" valueType="real" columnNum="4"/>
                    </ds:Definition>
                    <ds:Table>
                        <ds:Row><ct:String>1</ct:String><ct:Int>1</ct:Int><ct:Real>2</ct:Real><ct:Real>3</ct:Real></ds:Row>
                        <!-- omitted other ID's -->
                        <ds:Row><ct:String>10</ct:String><ct:Int>1</ct:Int><ct:Real>2</ct:Real><ct:Real>3</ct:Real></ds:Row>
                    </ds:Table>
                    <!-- ALTERNATIVELY as DATASET - omitted in the elements below for simplicity
                <ds:ExternalFile oid="oid1">
                    <ds:path>SimulatedProfiles.txt</ds:path>
                </ds:ExternalFile>-->
                </SimulatedProfiles>
                
                <!-- Simcyp examples -->
                <SimulatedProfiles name="SimProfile1" extFileNo="1">                     <!-- OPTIONAL name/extFileNo attributes -->
                    <ds:Definition>
                        <ds:Column columnId="ID" columnType="id" valueType="string" columnNum="1"/>
                        <ds:Column columnId="TIME" columnType="time" valueType="real" columnNum="2"/>
                        <ds:Column columnId="Observation1" columnType="dv" valueType="real" columnNum="5"/>
                        <ds:Column columnId="Observation3" columnType="dv" valueType="real" columnNum="29"/>
                    </ds:Definition>
                    <ds:ExternalFile oid="oid1">
                        <ds:path>SimulatedProfiles_file1.txt</ds:path>
                    </ds:ExternalFile>
                </SimulatedProfiles>
                
                <SimulatedProfiles name="SimProfile2" extFileNo="2">                     <!-- OPTIONAL name/extFileNo attributes -->
                    <ds:Definition>
                        <ds:Column columnId="ID" columnType="id" valueType="string" columnNum="1"/>
                        <ds:Column columnId="TIME" columnType="time" valueType="real" columnNum="2"/>
                        <ds:Column columnId="Observation2" columnType="dv" valueType="real" columnNum="4"/>
                        <ds:Column columnId="Observation13" columnType="dv" valueType="real" columnNum="9"/>
                    </ds:Definition>
                    <ds:ExternalFile oid="oid1">
                        <ds:path>SimulatedProfiles_file2.txt</ds:path>
                    </ds:ExternalFile>
                </SimulatedProfiles>
                
                <IndivParameters>
                    <ds:Definition>
                        <ds:Column columnId="ID" columnType="id" valueType="string" columnNum="1"/>
                        <ds:Column columnId="OccasionStart" columnType="time" valueType="real" columnNum="2"/>
                        <ds:Column columnId="OccasionEnd" columnType="time" valueType="real" columnNum="3"/>
                        <ds:Column columnId="PARAM_1" columnType="undefined" valueType="real" columnNum="4"/>
                        <!-- omitted other Parameters -->
                        <ds:Column columnId="PARAM_K" columnType="undefined" valueType="real" columnNum="5"/>
                        <ds:Column columnId="OCC_1" columnType="undefined" valueType="real" columnNum="6"/>
                        <!-- omitted other occasions -->
                        <ds:Column columnId="OCC_V" columnType="undefined" valueType="real" columnNum="7"/>
                    </ds:Definition>
                    <ds:Table>
                        <ds:Row><ct:String>1</ct:String><ct:Real>1</ct:Real><ct:Real>2</ct:Real><ct:Real>3</ct:Real><!-- omitted Parameters and Occasions --><ct:Real>7</ct:Real></ds:Row>
                        <!-- omitted other ID's -->
                        <ds:Row><ct:String>10</ct:String><ct:Real>1</ct:Real><ct:Real>2</ct:Real><ct:Real>3</ct:Real><!-- omitted Parameters and Occasions --><ct:Real>7</ct:Real></ds:Row>
                    </ds:Table>
                </IndivParameters>
                
                <RandomEffects>
                    <ds:Definition>
                        <ds:Column columnId="ID" columnType="id" valueType="string" columnNum="1"/>
                        <ds:Column columnId="OccasionStart" columnType="time" valueType="real" columnNum="2"/>
                        <ds:Column columnId="OccasionEnd" columnType="time" valueType="real" columnNum="3"/>
                        <ds:Column columnId="ETA_1" columnType="undefined" valueType="real" columnNum="4"/>
                        <!-- omitted other RandomEffects -->
                        <ds:Column columnId="ETA_S" columnType="undefined" valueType="real" columnNum="5"/>
                        <ds:Column columnId="OCC_1" columnType="undefined" valueType="real" columnNum="6"/>
                        <!-- omitted other occasions -->
                        <ds:Column columnId="OCC_V" columnType="undefined" valueType="real" columnNum="7"/>
                    </ds:Definition>
                    <ds:Table>
                        <ds:Row><ct:String>1</ct:String><ct:Real>1</ct:Real><ct:Real>2</ct:Real><ct:Real>3</ct:Real><!-- omitted RandomEffects and Occasions --><ct:Real>7</ct:Real></ds:Row>
                        <!-- omitted other ID's -->
                        <ds:Row><ct:String>10</ct:String><ct:Real>1</ct:Real><ct:Real>2</ct:Real><ct:Real>3</ct:Real><!-- omitted RandomEffects and Occasions --><ct:Real>7</ct:Real></ds:Row>
                    </ds:Table>
                </RandomEffects>
                
                <Covariates>
                    <ds:Definition>
                        <ds:Column columnId="ID" columnType="id" valueType="string" columnNum="1"/>
                        <ds:Column columnId="OccasionStart" columnType="time" valueType="real" columnNum="2"/>
                        <ds:Column columnId="OccasionEnd" columnType="time" valueType="real" columnNum="3"/>
                        <ds:Column columnId="Covariate_1" columnType="undefined" valueType="real" columnNum="4"/>
                        <!-- omitted other Covariates -->
                        <ds:Column columnId="Covariate_D" columnType="undefined" valueType="real" columnNum="5"/>
                        <ds:Column columnId="OCC_1" columnType="undefined" valueType="real" columnNum="6"/>
                        <!-- omitted other occasions -->
                        <ds:Column columnId="OCC_V" columnType="undefined" valueType="real" columnNum="7"/>
                    </ds:Definition>
                    <ds:Table>
                        <ds:Row><ct:String>1</ct:String><ct:Real>1</ct:Real><ct:Real>2</ct:Real><ct:Real>3</ct:Real><!-- omitted Covariates and Occasions --><ct:Real>7</ct:Real></ds:Row>
                        <!-- omitted other ID's -->
                        <ds:Row><ct:String>10</ct:String><ct:Real>1</ct:Real><ct:Real>2</ct:Real><ct:Real>3</ct:Real><!-- omitted Covariates and Occasions --><ct:Real>7</ct:Real></ds:Row>
                    </ds:Table>
                </Covariates>
                
                <PopulationParameters>
                    <ds:Definition>
                        <ds:Column columnId="OccasionStart" columnType="time" valueType="real" columnNum="1"/>
                        <ds:Column columnId="OccasionEnd" columnType="time" valueType="real" columnNum="2"/>
                        <ds:Column columnId="POPPARAM_1" columnType="undefined" valueType="real" columnNum="3"/>
                        <!-- omitted other Parameters -->
                        <ds:Column columnId="POPPARAM_Z" columnType="undefined" valueType="real" columnNum="4"/>
                        <ds:Column columnId="OCC_1" columnType="undefined" valueType="real" columnNum="6"/>
                        <!-- omitted other occasions -->
                        <ds:Column columnId="OCC_V" columnType="undefined" valueType="real" columnNum="7"/>
                    </ds:Definition>
                    <ds:Table>
                        <ds:Row><ct:String>1</ct:String><ct:Real>1</ct:Real><ct:Real>2</ct:Real><!-- omitted Parameters and Occasions --><ct:Real>7</ct:Real></ds:Row>
                        <!-- omitted other ID's -->
                        <ds:Row><ct:String>10</ct:String><ct:Real>1</ct:Real><ct:Real>2</ct:Real><!-- omitted Parameters and Occasions --><ct:Real>7</ct:Real></ds:Row>
                    </ds:Table>
                </PopulationParameters>
                
                <Dosing>
                    <ds:Definition>
                        <ds:Column columnId="ID" columnType="id" valueType="string" columnNum="1"/>
                        <ds:Column columnId="TIME" columnType="time" valueType="real" columnNum="2"/>
                        <ds:Column columnId="AMT" columnType="dose" valueType="real" columnNum="3"/>
                        <ds:Column columnId="TINF" columnType="duration" valueType="real" columnNum="4"/>
                        <ds:Column columnId="TYPE" columnType="adm" valueType="real" columnNum="5"/>
                        <ds:Column columnId="II" columnType="ii" valueType="real" columnNum="6"/>
                        <!-- other columns possible/omitted -->
                    </ds:Definition>
                    <ds:Table>
                        <ds:Row><ct:String>1</ct:String><ct:Real>1</ct:Real><ct:Real>1</ct:Real><ct:Real>2</ct:Real><ct:Real>3</ct:Real><ct:Real>4</ct:Real><ct:Real>5</ct:Real><ct:Real>6</ct:Real></ds:Row>
                        <ds:Row><ct:String>1</ct:String><ct:Real>2</ct:Real><ct:Real>1</ct:Real><ct:Real>2</ct:Real><ct:Real>3</ct:Real><ct:Real>4</ct:Real><ct:Real>5</ct:Real><ct:Real>6</ct:Real></ds:Row>
                        <!-- omitted other TIMES for ID=1 and other ID's -->
                        <ds:Row><ct:String>10</ct:String><ct:Real>1</ct:Real><ct:Real>1</ct:Real><ct:Real>2</ct:Real><ct:Real>3</ct:Real><ct:Real>4</ct:Real><ct:Real>5</ct:Real><ct:Real>6</ct:Real></ds:Row>
                        <!-- omitted other TIMES for ID=10 -->
                    </ds:Table>
                </Dosing>
                
                <RawResultsFile oid="rawR">
                    <ds:path>RowResults_replicate1.txt</ds:path>
                </RawResultsFile>
            </SimulationBlock>
            <!-- <SimulationBlock replicate="2">
                ...
            </SimulationBlock>-->
        </Simulation>
        
        <!-- OPTIMAL DESIGN -->
        <OptimalDesign type="evaluation">
            <OptimalDesignBlock blockNumber="1">
                <FIM>                               <!-- 4x4 matrix for simplicity -->
                    <ct:Matrix matrixType="Any">
                        <ct:RowNames>
                            <ct:String>POP_CL</ct:String><ct:String>POP_V</ct:String><ct:String>POP_KA</ct:String><ct:String>POP_TLAG</ct:String>
                        </ct:RowNames>
                        <ct:ColumnNames>
                            <ct:String>POP_CL</ct:String><ct:String>POP_V</ct:String><ct:String>POP_KA</ct:String><ct:String>POP_TLAG</ct:String>
                        </ct:ColumnNames>
                        <ct:MatrixRow>
                            <ct:Real>4.21e-05</ct:Real><ct:Real>2.36e-04</ct:Real><ct:Real>-0.000124</ct:Real><ct:Real>-1.01e-04</ct:Real>
                        </ct:MatrixRow>
                        <ct:MatrixRow>
                            <ct:Real>2.36e-04</ct:Real><ct:Real>4.95e-02</ct:Real><ct:Real>-0.006150</ct:Real><ct:Real>-1.24e-03</ct:Real>
                        </ct:MatrixRow>
                        <!-- omitted other matrix rows -->
                    </ct:Matrix>
                </FIM>
                
                <CovarianceMatrix>                  <!-- 4x4 matrix for simplicity -->
                    <ct:Matrix matrixType="Any">
                        <ct:RowNames>
                            <ct:String>POP_CL</ct:String><ct:String>POP_V</ct:String><ct:String>POP_KA</ct:String><ct:String>POP_TLAG</ct:String>
                        </ct:RowNames>
                        <ct:ColumnNames>
                            <ct:String>POP_CL</ct:String><ct:String>POP_V</ct:String><ct:String>POP_KA</ct:String><ct:String>POP_TLAG</ct:String>
                        </ct:ColumnNames>
                        <ct:MatrixRow>
                            <ct:Real>4.21e-05</ct:Real><ct:Real>2.36e-04</ct:Real><ct:Real>-0.000124</ct:Real><ct:Real>-1.01e-04</ct:Real>
                        </ct:MatrixRow>
                        <ct:MatrixRow>
                            <ct:Real>2.36e-04</ct:Real><ct:Real>4.95e-02</ct:Real><ct:Real>-0.006150</ct:Real><ct:Real>-1.24e-03</ct:Real>
                        </ct:MatrixRow>
                        <!-- omitted other matrix rows -->
                    </ct:Matrix>
                </CovarianceMatrix>
                
                <ParameterPrecision> 
                    <Definition xmlns="http://www.pharmml.org/pharmml/0.6/Dataset"> 
                        <ds:Column columnId="ParameterName" columnType="undefined" valueType="string" columnNum="1"/>
                        <ds:Column columnId="ParameterValue" columnType="undefined" valueType="string" columnNum="2"/>
                        <ds:Column columnId="SE" columnType="undefined" valueType="real" columnNum="3"/>
                        <ds:Column columnId="RSE" columnType="undefined" valueType="real" columnNum="4"/>
                        <!--<ds:Column columnId="Shrinkage" columnType="undefined" valueType="real" columnNum="5"/>--> <!-- should not be used/populated if NaN -->
                    </Definition> 
                    <Table xmlns="http://www.pharmml.org/pharmml/0.6/Dataset">
                        <Row><ct:String>ka</ct:String><ct:Real>2</ct:Real><ct:Real>0.174918047946247</ct:Real><ct:Real>8.74590239731233</ct:Real></Row>
                        <Row><ct:String>k</ct:String><ct:Real>0.25</ct:Real><ct:Real>0.0116434498869208</ct:Real><ct:Real>4.65737995476831</ct:Real></Row>
                        <Row><ct:String>V</ct:String><ct:Real>15</ct:Real><ct:Real>0.50355898034057</ct:Real><ct:Real>3.35705986893713</ct:Real></Row>
                        <Row><ct:String>omega2.ka</ct:String><ct:Real>1</ct:Real><ct:Real>0.133827154058613</ct:Real><ct:Real>13.3827154058613</ct:Real></Row>
                        <Row><ct:String>omega2.k</ct:String><ct:Real>0.25</ct:Real><ct:Real>0.0389176843945328</ct:Real><ct:Real>15.5670737578131</ct:Real></Row>
                        <Row><ct:String>omega2.V</ct:String><ct:Real>0.1</ct:Real><ct:Real>0.0191908757812038</ct:Real><ct:Real>19.1908757812038</ct:Real></Row>
                        <Row><ct:String>sig.interA</ct:String><ct:Real>0.5</ct:Real><ct:Real>0.0430207426749537</ct:Real><ct:Real>8.60414853499073</ct:Real></Row>
                        <Row><ct:String>sig.slopeA</ct:String><ct:Real>0.15</ct:Real><ct:Real>0.0209432208304491</ct:Real><ct:Real>13.9621472202994</ct:Real></Row>
                    </Table> 
                </ParameterPrecision>
                
                <Criteria> 
                    <Definition xmlns="http://www.pharmml.org/pharmml/0.6/Dataset"> 
                        <ds:Column columnId="CriteriumName" columnType="undefined" valueType="string" columnNum="1"/>
                        <ds:Column columnId="CriteriumValue" columnType="undefined" valueType="real" columnNum="2"/>
                        <ds:Column columnId="Comments" columnType="undefined" valueType="string" columnNum="3"/>
                    </Definition> 
                    <Table xmlns="http://www.pharmml.org/pharmml/0.6/Dataset">
                        <Row><ct:String>D-optimality</ct:String><ct:Real>371.3125</ct:Real><ct:String>determinant of FIM</ct:String></Row>
                    </Table> 
                </Criteria>
                
                <Tests> 
                    <Definition xmlns="http://www.pharmml.org/pharmml/0.6/Dataset"> 
                        <ds:Column columnId="ParameterName" columnType="undefined" valueType="string" columnNum="1"/>
                        <ds:Column columnId="TestName" columnType="undefined" valueType="string" columnNum="2"/>
                        <ds:Column columnId="TestType" columnType="undefined" valueType="string" columnNum="3"/>
                        <ds:Column columnId="ParameterValue" columnType="undefined" valueType="real" columnNum="4"/>
<!--                        <ds:Column columnId="Delta" columnType="undefined" valueType="real" columnNum="5"/>-->      <!-- omitted if contains NaN - NaN to be supported soon -->
                        <ds:Column columnId="LowerLimit" columnType="undefined" valueType="real" columnNum="5"/>
                        <ds:Column columnId="UpperLimit" columnType="undefined" valueType="real" columnNum="6"/>
                        <ds:Column columnId="Type1Error" columnType="undefined" valueType="real" columnNum="7"/>
                        <ds:Column columnId="PredictedPower" columnType="undefined" valueType="real" columnNum="8"/>
                        <ds:Column columnId="TargetPower" columnType="undefined" valueType="real" columnNum="9"/>
                        <ds:Column columnId="NumberSubject" columnType="undefined" valueType="real" columnNum="10"/>
                    </Definition> 
                    <Table xmlns="http://www.pharmml.org/pharmml/0.6/Dataset">
                        <Row><ct:String>beta_V_Sex_F</ct:String><ct:String>Wald</ct:String><ct:String>equivalence</ct:String><ct:Real>0.1823216</ct:Real><ct:Real>-0.2231436</ct:Real><ct:Real>0.2231436</ct:Real><ct:Real>0.05</ct:Real><ct:Real>0.1042397</ct:Real><ct:Real>0.9</ct:Real><ct:Real>2286.081</ct:Real></Row>    
                        <Row><ct:String>beta_Cl_Treat_B</ct:String><ct:String>Wald</ct:String><ct:String>equivalence</ct:String><ct:Real>0.09531018</ct:Real><ct:Real>-0.2231436</ct:Real><ct:Real>0.2231436</ct:Real><ct:Real>0.05</ct:Real><ct:Real>0.9818745</ct:Real><ct:Real>0.9</ct:Real><ct:Real>24.50351</ct:Real></Row>    
                        <Row><ct:String>beta_V_Sex_F</ct:String><ct:String>Wald</ct:String><ct:String>comparison</ct:String><ct:Real>0.4054651</ct:Real><ct:Real>0.050000</ct:Real><ct:Real>0.978421</ct:Real><ct:Real>0.9</ct:Real><ct:Real>26.50458</ct:Real><ct:Real>0.9</ct:Real><ct:Real>24.50351</ct:Real></Row>
                    </Table> 
                </Tests>
                
                <SimulatedData oid="SimDataOid">
                    <ds:path>SimulatedData.dat</ds:path>
                </SimulatedData>
                
                <Design oid="desingOid">
                    <ds:path>Design.xml</ds:path>
                </Design>
            </OptimalDesignBlock>
            <!-- <OptimalDesignBlock blockNumber="2">
                ...
            </OptimalDesignBlock>-->
        </OptimalDesign>
    </SOBlock>
</SO>
